{"accuracy": 0.39666667580604553, "loss": 9.836299896240234}